
	<!DOCTYPE project [
		<!ELEMENT project (objectids-table | current-scenario | duration | aggregation-period | truncated-mean | percentile)* >
	
		<!ELEMENT objectids-table (objectids-entry)* >
		<!ELEMENT objectids-entry (#PCDATA)>
		<!ELEMENT duration (#PCDATA)>
		<!ELEMENT truncated-mean (#PCDATA)>
		<!ELEMENT percentile (#PCDATA)>
		<!ELEMENT aggregation-period (#PCDATA)>
		<!ELEMENT current-scenario (#PCDATA)>
		<!ATTLIST duration
		    value CDATA #REQUIRED>
	    <!ATTLIST aggregation-period
		    value CDATA #REQUIRED>
		<!ATTLIST objectids-entry
		    objectid CDATA #REQUIRED
		    type CDATA #REQUIRED
		    value CDATA #REQUIRED
		    key CDATA #REQUIRED>
		<!ATTLIST truncated-mean
		    centered-interval CDATA #REQUIRED
		    percentage CDATA #REQUIRED>
		 <!ATTLIST percentile
		    percentage CDATA #REQUIRED>
	]>


<!--****** RUNTIME PROJECT ******--><project>
<!--****** CURRENT SCENARIO ******-->
<current-scenario>scenario1</current-scenario>
<!--****** OBJECTIDS ******-->
<objectids-table>
<objectids-entry key="" objectid="0" type="LG_HOST" value="localhost:7100"/>
<objectids-entry key="" objectid="1" type="ZONE" value="Default zone"/>
<objectids-entry key="Default zone¤Population1¤" objectid="2" type="POPULATION" value="Population1"/>
<objectids-entry key="Default zone¤Population1¤DirectoryFlow" objectid="3" type="VIRTUAL_USER" value="DirectoryFlow"/>
<objectids-entry key="Default zone¤Population1¤DirectoryFlow" objectid="4" type="BASIC_LOGICAL_CONTAINER" value="$parent=DirectoryFlow;$index=0"/>
<objectids-entry key="Default zone¤Population1¤DirectoryFlow" objectid="5" type="BASIC_LOGICAL_CONTAINER" value="$parent=DirectoryFlow;$index=1"/>
<objectids-entry key="Default zone¤Population1¤DirectoryFlow" objectid="6" type="JS_ACTION" value="36f47ba0-b1c1-4f12-af0e-c268cce0c21e"/>
<objectids-entry key="Default zone¤Population1¤DirectoryFlow" objectid="7" type="JS_ACTION" value="6e29125c-61eb-4939-b275-40de7601636e"/>
<objectids-entry key="Default zone¤Population1¤DirectoryFlow" objectid="8" type="TRY" value="81768b07-3c70-4523-b013-f4da1818eab0"/>
<objectids-entry key="Default zone¤Population1¤DirectoryFlow" objectid="9" type="BASIC_LOGICAL_CONTAINER" value="$parent=81768b07-3c70-4523-b013-f4da1818eab0;$index=0"/>
<objectids-entry key="Default zone¤Population1¤DirectoryFlow" objectid="10" type="BASIC_LOGICAL_CONTAINER" value="2d5ef1b8-faf8-4b2e-a27c-62e4370e8063"/>
<objectids-entry key="Default zone¤Population1¤DirectoryFlow" objectid="11" type="HTTP_PAGE" value="052935fc-90c9-463d-a014-0f5662536222"/>
<objectids-entry key="Default zone¤Population1¤DirectoryFlow" objectid="12" type="ACTION" value="e5e3e35c-3c62-43fc-8318-c5821ff7ae08"/>
<objectids-entry key="Default zone¤Population1¤DirectoryFlow" objectid="13" type="ACTION" value="74ceade1-266d-43bd-9011-acbf9fb48ee4"/>
<objectids-entry key="Default zone¤Population1¤DirectoryFlow" objectid="14" type="ACTION" value="373cb1fb-4c94-4e63-9003-2387cb3c2c5e"/>
<objectids-entry key="Default zone¤Population1¤DirectoryFlow" objectid="15" type="ACTION" value="a13534ae-9c45-4c87-9075-5675dd9e1ce0"/>
<objectids-entry key="Default zone¤Population1¤DirectoryFlow" objectid="16" type="ACTION" value="c710e1e0-3912-4c0f-9d83-30ebd111d53f"/>
<objectids-entry key="Default zone¤Population1¤DirectoryFlow" objectid="17" type="ACTION" value="5231fb19-465d-4c29-98df-477269cbae4c"/>
<objectids-entry key="Default zone¤Population1¤DirectoryFlow" objectid="18" type="ACTION" value="a04c9343-f17a-41fd-9857-1c43b2d87cf7"/>
<objectids-entry key="Default zone¤Population1¤DirectoryFlow" objectid="19" type="ACTION" value="8ae11e1b-b06c-4c35-b2c9-743e2133f441"/>
<objectids-entry key="Default zone¤Population1¤DirectoryFlow" objectid="20" type="ACTION" value="05625bdd-9a24-470d-8f8e-976b979c980b"/>
<objectids-entry key="Default zone¤Population1¤DirectoryFlow" objectid="21" type="ACTION" value="bb56d277-e179-4433-9388-9a7b2176ae1b"/>
<objectids-entry key="Default zone¤Population1¤DirectoryFlow" objectid="22" type="ACTION" value="953e0d09-5118-4f0b-9fbc-a1e88d0ccd1d"/>
<objectids-entry key="Default zone¤Population1¤DirectoryFlow" objectid="23" type="ACTION" value="7439e7b8-2058-4fc2-9b61-b51f5b5eff30"/>
<objectids-entry key="Default zone¤Population1¤DirectoryFlow" objectid="24" type="HTTP_PAGE" value="3dd4a310-f93a-4a2b-801d-1ff6d738ce2b"/>
<objectids-entry key="Default zone¤Population1¤DirectoryFlow" objectid="25" type="ACTION" value="6eb05957-d1f5-49b5-98be-3149d65e112b"/>
<objectids-entry key="Default zone¤Population1¤DirectoryFlow" objectid="26" type="BASIC_LOGICAL_CONTAINER" value="56b2401d-4a0f-45b9-8601-7294e54dca84"/>
<objectids-entry key="Default zone¤Population1¤DirectoryFlow" objectid="27" type="HTTP_PAGE" value="8ed368aa-9249-42d5-a251-07ed8de6015a"/>
<objectids-entry key="Default zone¤Population1¤DirectoryFlow" objectid="28" type="ACTION" value="767ff072-5d3f-42e5-804b-a8584ff30bf7"/>
<objectids-entry key="Default zone¤Population1¤DirectoryFlow" objectid="29" type="ACTION" value="30c5ddf2-13aa-45f8-acc0-7443fb7fe0ca"/>
<objectids-entry key="Default zone¤Population1¤DirectoryFlow" objectid="30" type="ACTION" value="afe40b74-7aeb-4763-817b-099f94da4366"/>
<objectids-entry key="Default zone¤Population1¤DirectoryFlow" objectid="31" type="ACTION" value="e71008f9-3378-409d-a626-f58bb9215fa8"/>
<objectids-entry key="Default zone¤Population1¤DirectoryFlow" objectid="32" type="ACTION" value="69562a38-f54e-450a-b506-316accb70322"/>
<objectids-entry key="Default zone¤Population1¤DirectoryFlow" objectid="33" type="ACTION" value="29126fd6-f561-4a02-a088-b3f1e98f2a9e"/>
<objectids-entry key="Default zone¤Population1¤DirectoryFlow" objectid="34" type="ACTION" value="dec645ed-8b1a-4288-8503-fc56e77c2fc2"/>
<objectids-entry key="Default zone¤Population1¤DirectoryFlow" objectid="35" type="ACTION" value="58a4beb0-f0de-4a29-b2d7-69c09e959037"/>
<objectids-entry key="Default zone¤Population1¤DirectoryFlow" objectid="36" type="HTTP_PAGE" value="6bc96894-b31c-45ac-a906-09f34bf4b27c"/>
<objectids-entry key="Default zone¤Population1¤DirectoryFlow" objectid="37" type="ACTION" value="882eb24b-0b96-471b-849a-597c4e4aaa04"/>
<objectids-entry key="Default zone¤Population1¤DirectoryFlow" objectid="38" type="ACTION" value="f29a3f7f-5855-40fe-bc89-d3bae12920f2"/>
<objectids-entry key="Default zone¤Population1¤DirectoryFlow" objectid="39" type="ACTION" value="6b0eca45-ca22-4f04-b7e7-96fa3a04f1e4"/>
<objectids-entry key="Default zone¤Population1¤DirectoryFlow" objectid="40" type="ACTION" value="b14cd613-b7c4-4b9f-8032-af16dcae57ea"/>
<objectids-entry key="Default zone¤Population1¤DirectoryFlow" objectid="41" type="ACTION" value="cc7d8391-e6bf-4a98-bc20-55ca1a26eb87"/>
<objectids-entry key="Default zone¤Population1¤DirectoryFlow" objectid="42" type="ACTION" value="6f7a7d50-6887-4e15-b73b-d6b1529444d7"/>
<objectids-entry key="Default zone¤Population1¤DirectoryFlow" objectid="43" type="HTTP_PAGE" value="311f53e9-cd73-4997-b737-5f96a689b6a5"/>
<objectids-entry key="Default zone¤Population1¤DirectoryFlow" objectid="44" type="ACTION" value="8ffbe56a-e59a-4908-bd29-e879173d3949"/>
<objectids-entry key="Default zone¤Population1¤DirectoryFlow" objectid="45" type="HTTP_PAGE" value="fa068c8b-86a8-45aa-ad0a-218b2fb020ba"/>
<objectids-entry key="Default zone¤Population1¤DirectoryFlow" objectid="46" type="ACTION" value="82f98707-ef81-4dce-853a-4894c18ac2f2"/>
<objectids-entry key="Default zone¤Population1¤DirectoryFlow" objectid="47" type="ACTION" value="254a80be-7a33-47ab-979d-cb4bd8bf1573"/>
<objectids-entry key="Default zone¤Population1¤DirectoryFlow" objectid="48" type="ACTION" value="9842462c-e702-4b64-9a42-91386920ca7a"/>
<objectids-entry key="Default zone¤Population1¤DirectoryFlow" objectid="49" type="ACTION" value="be6cfbc9-c3b0-4754-ab40-3d515dc142cc"/>
<objectids-entry key="Default zone¤Population1¤DirectoryFlow" objectid="50" type="ACTION" value="189580a7-6cb9-4fa9-a226-ab11e9f8ca97"/>
<objectids-entry key="Default zone¤Population1¤DirectoryFlow" objectid="51" type="ACTION" value="f714ad84-a77a-4794-b3d3-a1abea92052a"/>
<objectids-entry key="Default zone¤Population1¤DirectoryFlow" objectid="52" type="ACTION" value="537806dd-a637-4db5-ae9d-4b5db1ee98bb"/>
<objectids-entry key="Default zone¤Population1¤DirectoryFlow" objectid="53" type="BASIC_LOGICAL_CONTAINER" value="c7de60ea-bdb5-4b49-ad36-9751e8549961"/>
<objectids-entry key="Default zone¤Population1¤DirectoryFlow" objectid="54" type="HTTP_PAGE" value="b764c695-0c87-4e2b-94f7-29663a84c62b"/>
<objectids-entry key="Default zone¤Population1¤DirectoryFlow" objectid="55" type="ACTION" value="9675b407-e571-4099-9495-fdcd78149364"/>
<objectids-entry key="Default zone¤Population1¤DirectoryFlow" objectid="56" type="ACTION" value="2e635720-b985-4101-a1ab-de2307ba04a0"/>
<objectids-entry key="Default zone¤Population1¤DirectoryFlow" objectid="57" type="ACTION" value="a400135c-961c-415d-8694-a90e9ea3354c"/>
<objectids-entry key="Default zone¤Population1¤DirectoryFlow" objectid="58" type="ACTION" value="9a644d51-4a18-44e8-8813-46c26f3d0194"/>
<objectids-entry key="Default zone¤Population1¤DirectoryFlow" objectid="59" type="ACTION" value="9b676e4a-7df8-48aa-a8e0-eb84bc45458c"/>
<objectids-entry key="Default zone¤Population1¤DirectoryFlow" objectid="60" type="ACTION" value="6f4ff1e1-1daf-4578-b10d-d0eaa69aad5d"/>
<objectids-entry key="Default zone¤Population1¤DirectoryFlow" objectid="61" type="BASIC_LOGICAL_CONTAINER" value="9ecf42a8-53ff-4d45-95c3-f8cd38fbae53"/>
<objectids-entry key="Default zone¤Population1¤DirectoryFlow" objectid="62" type="HTTP_PAGE" value="7a024120-6f88-4230-a9fb-cbd0b36a466c"/>
<objectids-entry key="Default zone¤Population1¤DirectoryFlow" objectid="63" type="ACTION" value="034bae03-06c5-4346-ba57-64094fd63559"/>
<objectids-entry key="Default zone¤Population1¤DirectoryFlow" objectid="64" type="HTTP_PAGE" value="f7341a61-b162-4271-9cad-7aec070060bf"/>
<objectids-entry key="Default zone¤Population1¤DirectoryFlow" objectid="65" type="ACTION" value="86aa08de-b1ed-458e-9f35-2b8a72fed5c6"/>
<objectids-entry key="Default zone¤Population1¤DirectoryFlow" objectid="66" type="ACTION" value="311e8cbf-8fd7-4eee-9f0b-6e6e66c5f711"/>
<objectids-entry key="Default zone¤Population1¤DirectoryFlow" objectid="67" type="ACTION" value="1281a42d-71c8-42ad-8266-69e04383b7ef"/>
<objectids-entry key="Default zone¤Population1¤DirectoryFlow" objectid="68" type="BASIC_LOGICAL_CONTAINER" value="$parent=81768b07-3c70-4523-b013-f4da1818eab0;$index=1"/>
<objectids-entry key="Default zone¤Population1¤DirectoryFlow" objectid="69" type="BASIC_LOGICAL_CONTAINER" value="$parent=DirectoryFlow;$index=2"/>
<objectids-entry key="Default zone¤Population1¤MyInfoFlow" objectid="70" type="VIRTUAL_USER" value="MyInfoFlow"/>
<objectids-entry key="Default zone¤Population1¤MyInfoFlow" objectid="71" type="BASIC_LOGICAL_CONTAINER" value="$parent=MyInfoFlow;$index=0"/>
<objectids-entry key="Default zone¤Population1¤MyInfoFlow" objectid="72" type="BASIC_LOGICAL_CONTAINER" value="$parent=MyInfoFlow;$index=1"/>
<objectids-entry key="Default zone¤Population1¤MyInfoFlow" objectid="73" type="BASIC_LOGICAL_CONTAINER" value="2d5ef1b8-faf8-4b2e-a27c-62e4370e8063"/>
<objectids-entry key="Default zone¤Population1¤MyInfoFlow" objectid="74" type="HTTP_PAGE" value="052935fc-90c9-463d-a014-0f5662536222"/>
<objectids-entry key="Default zone¤Population1¤MyInfoFlow" objectid="75" type="ACTION" value="e5e3e35c-3c62-43fc-8318-c5821ff7ae08"/>
<objectids-entry key="Default zone¤Population1¤MyInfoFlow" objectid="76" type="ACTION" value="74ceade1-266d-43bd-9011-acbf9fb48ee4"/>
<objectids-entry key="Default zone¤Population1¤MyInfoFlow" objectid="77" type="ACTION" value="373cb1fb-4c94-4e63-9003-2387cb3c2c5e"/>
<objectids-entry key="Default zone¤Population1¤MyInfoFlow" objectid="78" type="ACTION" value="a13534ae-9c45-4c87-9075-5675dd9e1ce0"/>
<objectids-entry key="Default zone¤Population1¤MyInfoFlow" objectid="79" type="ACTION" value="c710e1e0-3912-4c0f-9d83-30ebd111d53f"/>
<objectids-entry key="Default zone¤Population1¤MyInfoFlow" objectid="80" type="ACTION" value="5231fb19-465d-4c29-98df-477269cbae4c"/>
<objectids-entry key="Default zone¤Population1¤MyInfoFlow" objectid="81" type="ACTION" value="a04c9343-f17a-41fd-9857-1c43b2d87cf7"/>
<objectids-entry key="Default zone¤Population1¤MyInfoFlow" objectid="82" type="ACTION" value="8ae11e1b-b06c-4c35-b2c9-743e2133f441"/>
<objectids-entry key="Default zone¤Population1¤MyInfoFlow" objectid="83" type="ACTION" value="05625bdd-9a24-470d-8f8e-976b979c980b"/>
<objectids-entry key="Default zone¤Population1¤MyInfoFlow" objectid="84" type="ACTION" value="bb56d277-e179-4433-9388-9a7b2176ae1b"/>
<objectids-entry key="Default zone¤Population1¤MyInfoFlow" objectid="85" type="ACTION" value="953e0d09-5118-4f0b-9fbc-a1e88d0ccd1d"/>
<objectids-entry key="Default zone¤Population1¤MyInfoFlow" objectid="86" type="ACTION" value="7439e7b8-2058-4fc2-9b61-b51f5b5eff30"/>
<objectids-entry key="Default zone¤Population1¤MyInfoFlow" objectid="87" type="HTTP_PAGE" value="3dd4a310-f93a-4a2b-801d-1ff6d738ce2b"/>
<objectids-entry key="Default zone¤Population1¤MyInfoFlow" objectid="88" type="ACTION" value="6eb05957-d1f5-49b5-98be-3149d65e112b"/>
<objectids-entry key="Default zone¤Population1¤MyInfoFlow" objectid="89" type="BASIC_LOGICAL_CONTAINER" value="56b2401d-4a0f-45b9-8601-7294e54dca84"/>
<objectids-entry key="Default zone¤Population1¤MyInfoFlow" objectid="90" type="HTTP_PAGE" value="8ed368aa-9249-42d5-a251-07ed8de6015a"/>
<objectids-entry key="Default zone¤Population1¤MyInfoFlow" objectid="91" type="ACTION" value="767ff072-5d3f-42e5-804b-a8584ff30bf7"/>
<objectids-entry key="Default zone¤Population1¤MyInfoFlow" objectid="92" type="ACTION" value="30c5ddf2-13aa-45f8-acc0-7443fb7fe0ca"/>
<objectids-entry key="Default zone¤Population1¤MyInfoFlow" objectid="93" type="ACTION" value="afe40b74-7aeb-4763-817b-099f94da4366"/>
<objectids-entry key="Default zone¤Population1¤MyInfoFlow" objectid="94" type="ACTION" value="e71008f9-3378-409d-a626-f58bb9215fa8"/>
<objectids-entry key="Default zone¤Population1¤MyInfoFlow" objectid="95" type="ACTION" value="69562a38-f54e-450a-b506-316accb70322"/>
<objectids-entry key="Default zone¤Population1¤MyInfoFlow" objectid="96" type="ACTION" value="29126fd6-f561-4a02-a088-b3f1e98f2a9e"/>
<objectids-entry key="Default zone¤Population1¤MyInfoFlow" objectid="97" type="ACTION" value="dec645ed-8b1a-4288-8503-fc56e77c2fc2"/>
<objectids-entry key="Default zone¤Population1¤MyInfoFlow" objectid="98" type="ACTION" value="58a4beb0-f0de-4a29-b2d7-69c09e959037"/>
<objectids-entry key="Default zone¤Population1¤MyInfoFlow" objectid="99" type="HTTP_PAGE" value="6bc96894-b31c-45ac-a906-09f34bf4b27c"/>
<objectids-entry key="Default zone¤Population1¤MyInfoFlow" objectid="100" type="ACTION" value="882eb24b-0b96-471b-849a-597c4e4aaa04"/>
<objectids-entry key="Default zone¤Population1¤MyInfoFlow" objectid="101" type="ACTION" value="f29a3f7f-5855-40fe-bc89-d3bae12920f2"/>
<objectids-entry key="Default zone¤Population1¤MyInfoFlow" objectid="102" type="ACTION" value="6b0eca45-ca22-4f04-b7e7-96fa3a04f1e4"/>
<objectids-entry key="Default zone¤Population1¤MyInfoFlow" objectid="103" type="ACTION" value="b14cd613-b7c4-4b9f-8032-af16dcae57ea"/>
<objectids-entry key="Default zone¤Population1¤MyInfoFlow" objectid="104" type="ACTION" value="cc7d8391-e6bf-4a98-bc20-55ca1a26eb87"/>
<objectids-entry key="Default zone¤Population1¤MyInfoFlow" objectid="105" type="ACTION" value="6f7a7d50-6887-4e15-b73b-d6b1529444d7"/>
<objectids-entry key="Default zone¤Population1¤MyInfoFlow" objectid="106" type="HTTP_PAGE" value="311f53e9-cd73-4997-b737-5f96a689b6a5"/>
<objectids-entry key="Default zone¤Population1¤MyInfoFlow" objectid="107" type="ACTION" value="8ffbe56a-e59a-4908-bd29-e879173d3949"/>
<objectids-entry key="Default zone¤Population1¤MyInfoFlow" objectid="108" type="HTTP_PAGE" value="fa068c8b-86a8-45aa-ad0a-218b2fb020ba"/>
<objectids-entry key="Default zone¤Population1¤MyInfoFlow" objectid="109" type="ACTION" value="82f98707-ef81-4dce-853a-4894c18ac2f2"/>
<objectids-entry key="Default zone¤Population1¤MyInfoFlow" objectid="110" type="ACTION" value="254a80be-7a33-47ab-979d-cb4bd8bf1573"/>
<objectids-entry key="Default zone¤Population1¤MyInfoFlow" objectid="111" type="ACTION" value="9842462c-e702-4b64-9a42-91386920ca7a"/>
<objectids-entry key="Default zone¤Population1¤MyInfoFlow" objectid="112" type="ACTION" value="be6cfbc9-c3b0-4754-ab40-3d515dc142cc"/>
<objectids-entry key="Default zone¤Population1¤MyInfoFlow" objectid="113" type="ACTION" value="189580a7-6cb9-4fa9-a226-ab11e9f8ca97"/>
<objectids-entry key="Default zone¤Population1¤MyInfoFlow" objectid="114" type="ACTION" value="f714ad84-a77a-4794-b3d3-a1abea92052a"/>
<objectids-entry key="Default zone¤Population1¤MyInfoFlow" objectid="115" type="ACTION" value="537806dd-a637-4db5-ae9d-4b5db1ee98bb"/>
<objectids-entry key="Default zone¤Population1¤MyInfoFlow" objectid="116" type="BASIC_LOGICAL_CONTAINER" value="7665547b-515a-49b8-9c5b-c6585358da0e"/>
<objectids-entry key="Default zone¤Population1¤MyInfoFlow" objectid="117" type="HTTP_PAGE" value="2581517f-5fbf-4d46-9d4a-ca77bd32d0f4"/>
<objectids-entry key="Default zone¤Population1¤MyInfoFlow" objectid="118" type="ACTION" value="dc0cdc08-2019-4490-8bdf-6dda63dd316d"/>
<objectids-entry key="Default zone¤Population1¤MyInfoFlow" objectid="119" type="ACTION" value="9281cd19-99db-4584-ab13-b7ec7308ed6d"/>
<objectids-entry key="Default zone¤Population1¤MyInfoFlow" objectid="120" type="ACTION" value="20aa6f9d-e229-4f65-9998-bb24c9c04760"/>
<objectids-entry key="Default zone¤Population1¤MyInfoFlow" objectid="121" type="ACTION" value="ea3f23e8-8de6-4cec-a73f-73b49294e238"/>
<objectids-entry key="Default zone¤Population1¤MyInfoFlow" objectid="122" type="ACTION" value="7724f868-5008-4939-88ff-90358a9866c5"/>
<objectids-entry key="Default zone¤Population1¤MyInfoFlow" objectid="123" type="ACTION" value="e182859f-853a-4dc7-9c8e-cadb44fd723f"/>
<objectids-entry key="Default zone¤Population1¤MyInfoFlow" objectid="124" type="ACTION" value="b7568b08-ae2e-43e0-ba17-3ad18d406e42"/>
<objectids-entry key="Default zone¤Population1¤MyInfoFlow" objectid="125" type="ACTION" value="dc5448a3-ad39-4ed6-ad8a-f060659228c9"/>
<objectids-entry key="Default zone¤Population1¤MyInfoFlow" objectid="126" type="ACTION" value="11888947-405c-4ac6-8d15-bc7274be7543"/>
<objectids-entry key="Default zone¤Population1¤MyInfoFlow" objectid="127" type="ACTION" value="d6255023-d9ee-4539-b00d-9eca76d75a30"/>
<objectids-entry key="Default zone¤Population1¤MyInfoFlow" objectid="128" type="HTTP_PAGE" value="32473115-ed86-4496-9aa4-399242755edd"/>
<objectids-entry key="Default zone¤Population1¤MyInfoFlow" objectid="129" type="ACTION" value="16dd72e7-9063-43fc-9471-d8c24159d0d2"/>
<objectids-entry key="Default zone¤Population1¤MyInfoFlow" objectid="130" type="ACTION" value="78f1e9d4-7524-4779-8a85-e8874885c79a"/>
<objectids-entry key="Default zone¤Population1¤MyInfoFlow" objectid="131" type="ACTION" value="2101489a-8add-4237-b213-850545179a39"/>
<objectids-entry key="Default zone¤Population1¤MyInfoFlow" objectid="132" type="BASIC_LOGICAL_CONTAINER" value="9ecf42a8-53ff-4d45-95c3-f8cd38fbae53"/>
<objectids-entry key="Default zone¤Population1¤MyInfoFlow" objectid="133" type="HTTP_PAGE" value="7a024120-6f88-4230-a9fb-cbd0b36a466c"/>
<objectids-entry key="Default zone¤Population1¤MyInfoFlow" objectid="134" type="ACTION" value="034bae03-06c5-4346-ba57-64094fd63559"/>
<objectids-entry key="Default zone¤Population1¤MyInfoFlow" objectid="135" type="HTTP_PAGE" value="f7341a61-b162-4271-9cad-7aec070060bf"/>
<objectids-entry key="Default zone¤Population1¤MyInfoFlow" objectid="136" type="ACTION" value="86aa08de-b1ed-458e-9f35-2b8a72fed5c6"/>
<objectids-entry key="Default zone¤Population1¤MyInfoFlow" objectid="137" type="ACTION" value="311e8cbf-8fd7-4eee-9f0b-6e6e66c5f711"/>
<objectids-entry key="Default zone¤Population1¤MyInfoFlow" objectid="138" type="ACTION" value="1281a42d-71c8-42ad-8266-69e04383b7ef"/>
<objectids-entry key="Default zone¤Population1¤MyInfoFlow" objectid="139" type="BASIC_LOGICAL_CONTAINER" value="$parent=MyInfoFlow;$index=2"/>
<objectids-entry key="¤¤" objectid="140" type="MONITORED_HOST" value="NeoLoad"/>
<objectids-entry key="¤¤" objectid="141" type="MONITORCONNECTION" value="NeoLoad$NeoLoad"/>
<objectids-entry key="¤¤" objectid="142" type="MONITOR" value="NeoLoad$NeoLoad$UserLoad"/>
<objectids-entry key="¤¤" objectid="143" type="MONITOR" value="NeoLoad$NeoLoad$throughput"/>
<objectids-entry key="¤¤" objectid="144" type="MONITOR" value="NeoLoad$NeoLoad$Alerts"/>
<objectids-entry key="¤¤" objectid="145" type="MONITOR" value="NeoLoad$NeoLoad$CriticalAlerts"/>
<objectids-entry key="¤¤" objectid="146" type="MONITOR" value="NeoLoad$NeoLoad$WarningAlerts"/>
<objectids-entry key="¤¤" objectid="147" type="MONITOR" value="NeoLoad$NeoLoad$cpu"/>
<objectids-entry key="¤¤" objectid="148" type="THRESHOLD" value="NeoLoad$NeoLoad$7c46021a-16eb-4633-b909-b6bc74d87841"/>
<objectids-entry key="¤¤" objectid="149" type="MONITOR" value="NeoLoad$NeoLoad$memory"/>
<objectids-entry key="¤¤" objectid="150" type="THRESHOLD" value="NeoLoad$NeoLoad$3a960801-8df7-499a-9153-86eeda264e53"/>
<objectids-entry key="¤¤" objectid="151" type="MONITOR" value="NeoLoad$NeoLoad$threadcount"/>
<objectids-entry key="¤¤" objectid="152" type="MONITOR" value="NeoLoad$NeoLoad$memoryos"/>
<objectids-entry key="¤¤" objectid="153" type="THRESHOLD" value="NeoLoad$NeoLoad$0bd5cbe7-ef34-4bdf-acaa-db36e520d502"/>
<objectids-entry key="¤¤" objectid="154" type="MONITOR" value="NeoLoad$NeoLoad$connectedlg"/>
<objectids-entry key="¤¤" objectid="155" type="MONITOR" value="NeoLoad$NeoLoad$totallgdisconnections"/>
<objectids-entry key="¤¤" objectid="156" type="THRESHOLD" value="NeoLoad$NeoLoad$6ee0359b-4405-4df5-b059-418a12266703"/>
<objectids-entry key="¤¤" objectid="157" type="MONITOR" value="NeoLoad$NeoLoad$totallgreconnections"/>
<objectids-entry key="¤¤" objectid="158" type="MONITOR" value="NeoLoad$NeoLoad$otcp.NeoLoad"/>
<objectids-entry key="¤¤" objectid="159" type="MONITOR" value="NeoLoad$NeoLoad$tcp.NeoLoad"/>
<objectids-entry key="¤¤" objectid="160" type="MONITOR" value="NeoLoad$NeoLoad$ibytesperinterface~NeoLoad~net11"/>
<objectids-entry key="¤¤" objectid="161" type="MONITOR" value="NeoLoad$NeoLoad$obytesperinterface~NeoLoad~net11"/>
<objectids-entry key="¤¤" objectid="162" type="MONITOR" value="NeoLoad$NeoLoad$ibytesperinterface~NeoLoad~net12"/>
<objectids-entry key="¤¤" objectid="163" type="MONITOR" value="NeoLoad$NeoLoad$obytesperinterface~NeoLoad~net12"/>
<objectids-entry key="¤¤" objectid="164" type="MONITOR" value="NeoLoad$NeoLoad$ibytesperinterface~NeoLoad~net4"/>
<objectids-entry key="¤¤" objectid="165" type="MONITOR" value="NeoLoad$NeoLoad$obytesperinterface~NeoLoad~net4"/>
<objectids-entry key="¤¤" objectid="166" type="MONITOR" value="NeoLoad$NeoLoad$ibytesperinterface~NeoLoad~net3"/>
<objectids-entry key="¤¤" objectid="167" type="MONITOR" value="NeoLoad$NeoLoad$obytesperinterface~NeoLoad~net3"/>
<objectids-entry key="¤¤" objectid="168" type="MONITOR" value="NeoLoad$NeoLoad$ibytesperinterface~NeoLoad~eth2"/>
<objectids-entry key="¤¤" objectid="169" type="MONITOR" value="NeoLoad$NeoLoad$obytesperinterface~NeoLoad~eth2"/>
<objectids-entry key="¤¤" objectid="170" type="MONITOR" value="NeoLoad$NeoLoad$ibytesperinterface~NeoLoad~net8"/>
<objectids-entry key="¤¤" objectid="171" type="MONITOR" value="NeoLoad$NeoLoad$obytesperinterface~NeoLoad~net8"/>
<objectids-entry key="¤¤" objectid="172" type="MONITOR" value="NeoLoad$NeoLoad$ibytesperinterface~NeoLoad~wlan3"/>
<objectids-entry key="¤¤" objectid="173" type="MONITOR" value="NeoLoad$NeoLoad$obytesperinterface~NeoLoad~wlan3"/>
<objectids-entry key="¤¤" objectid="174" type="MONITOR" value="NeoLoad$NeoLoad$ibytesperinterface~NeoLoad~wlan2"/>
<objectids-entry key="¤¤" objectid="175" type="MONITOR" value="NeoLoad$NeoLoad$obytesperinterface~NeoLoad~wlan2"/>
<objectids-entry key="¤¤" objectid="176" type="MONITOR" value="NeoLoad$NeoLoad$nlwebdownload"/>
<objectids-entry key="¤¤" objectid="177" type="MONITOR" value="NeoLoad$NeoLoad$nlwebupload"/>
<objectids-entry key="¤¤" objectid="178" type="MONITOR" value="NeoLoad$NeoLoad$SapUserLoad"/>
<objectids-entry key="¤¤" objectid="179" type="MONITOR" value="NeoLoad$NeoLoad$zoneuserload~Default zone"/>
<objectids-entry key="¤¤" objectid="180" type="MONITOR" value="NeoLoad$NeoLoad$zoneuserloadperpopulation~Default zone~Population1"/>
<objectids-entry key="¤¤" objectid="181" type="MONITOR" value="NeoLoad$NeoLoad$zoneuserloadperpopulation~Default zone~Population1~DirectoryFlow"/>
<objectids-entry key="¤¤" objectid="182" type="MONITOR" value="NeoLoad$NeoLoad$zoneuserloadperpopulation~Default zone~Population1~MyInfoFlow"/>
<objectids-entry key="¤¤" objectid="183" type="MONITORED_HOST" value="LG localhost:7100"/>
<objectids-entry key="¤¤" objectid="184" type="MONITORCONNECTION" value="LG localhost:7100$NeoLoad"/>
<objectids-entry key="¤¤" objectid="185" type="MONITOR" value="LG localhost:7100$NeoLoad$lgcpu.localhost:7100"/>
<objectids-entry key="¤¤" objectid="186" type="THRESHOLD" value="LG localhost:7100$NeoLoad$4bc27ea6-3b9e-404a-86c4-d4b03f58b789"/>
<objectids-entry key="¤¤" objectid="187" type="MONITOR" value="LG localhost:7100$NeoLoad$lgmemory.localhost:7100"/>
<objectids-entry key="¤¤" objectid="188" type="THRESHOLD" value="LG localhost:7100$NeoLoad$f29b3038-45b0-47a9-80ab-852a6883473d"/>
<objectids-entry key="¤¤" objectid="189" type="MONITOR" value="LG localhost:7100$NeoLoad$lgthroughput.localhost:7100"/>
<objectids-entry key="¤¤" objectid="190" type="MONITOR" value="LG localhost:7100$NeoLoad$lgosmemory.localhost:7100"/>
<objectids-entry key="¤¤" objectid="191" type="THRESHOLD" value="LG localhost:7100$NeoLoad$881628ef-6343-47d2-bb88-6aa585e61a3c"/>
<objectids-entry key="¤¤" objectid="192" type="MONITOR" value="LG localhost:7100$NeoLoad$lguserloadperpopulation~localhost:7100"/>
<objectids-entry key="¤¤" objectid="193" type="MONITOR" value="LG localhost:7100$NeoLoad$lgthreadcount.localhost:7100"/>
<objectids-entry key="¤¤" objectid="194" type="MONITOR" value="LG localhost:7100$NeoLoad$lg.jetty.httpclient.threadpool.used.localhost:7100"/>
<objectids-entry key="¤¤" objectid="195" type="MONITOR" value="LG localhost:7100$NeoLoad$lg.jetty.httpclient.taskpool.used.localhost:7100"/>
<objectids-entry key="¤¤" objectid="196" type="THRESHOLD" value="LG localhost:7100$NeoLoad$758fa60b-14f9-4013-9d08-739dca49182a"/>
<objectids-entry key="¤¤" objectid="197" type="MONITOR" value="LG localhost:7100$NeoLoad$lgdisconnections.localhost:7100"/>
<objectids-entry key="¤¤" objectid="198" type="MONITOR" value="LG localhost:7100$NeoLoad$lgreconnections.localhost:7100"/>
<objectids-entry key="¤¤" objectid="199" type="MONITOR" value="LG localhost:7100$NeoLoad$lgping.localhost:7100"/>
<objectids-entry key="¤¤" objectid="200" type="MONITOR" value="LG localhost:7100$NeoLoad$lgotcp.localhost:7100"/>
<objectids-entry key="¤¤" objectid="201" type="MONITOR" value="LG localhost:7100$NeoLoad$lgtcp.localhost:7100"/>
<objectids-entry key="¤¤" objectid="202" type="MONITOR" value="LG localhost:7100$NeoLoad$lgibytesperinterface~localhost:7100~net11"/>
<objectids-entry key="¤¤" objectid="203" type="MONITOR" value="LG localhost:7100$NeoLoad$lgobytesperinterface~localhost:7100~net11"/>
<objectids-entry key="¤¤" objectid="204" type="MONITOR" value="LG localhost:7100$NeoLoad$lgibytesperinterface~localhost:7100~net12"/>
<objectids-entry key="¤¤" objectid="205" type="MONITOR" value="LG localhost:7100$NeoLoad$lgobytesperinterface~localhost:7100~net12"/>
<objectids-entry key="¤¤" objectid="206" type="MONITOR" value="LG localhost:7100$NeoLoad$lgibytesperinterface~localhost:7100~net4"/>
<objectids-entry key="¤¤" objectid="207" type="MONITOR" value="LG localhost:7100$NeoLoad$lgobytesperinterface~localhost:7100~net4"/>
<objectids-entry key="¤¤" objectid="208" type="MONITOR" value="LG localhost:7100$NeoLoad$lgibytesperinterface~localhost:7100~net3"/>
<objectids-entry key="¤¤" objectid="209" type="MONITOR" value="LG localhost:7100$NeoLoad$lgobytesperinterface~localhost:7100~net3"/>
<objectids-entry key="¤¤" objectid="210" type="MONITOR" value="LG localhost:7100$NeoLoad$lgibytesperinterface~localhost:7100~eth2"/>
<objectids-entry key="¤¤" objectid="211" type="MONITOR" value="LG localhost:7100$NeoLoad$lgobytesperinterface~localhost:7100~eth2"/>
<objectids-entry key="¤¤" objectid="212" type="MONITOR" value="LG localhost:7100$NeoLoad$lgibytesperinterface~localhost:7100~net8"/>
<objectids-entry key="¤¤" objectid="213" type="MONITOR" value="LG localhost:7100$NeoLoad$lgobytesperinterface~localhost:7100~net8"/>
<objectids-entry key="¤¤" objectid="214" type="MONITOR" value="LG localhost:7100$NeoLoad$lgibytesperinterface~localhost:7100~wlan3"/>
<objectids-entry key="¤¤" objectid="215" type="MONITOR" value="LG localhost:7100$NeoLoad$lgobytesperinterface~localhost:7100~wlan3"/>
<objectids-entry key="¤¤" objectid="216" type="MONITOR" value="LG localhost:7100$NeoLoad$lgibytesperinterface~localhost:7100~wlan2"/>
<objectids-entry key="¤¤" objectid="217" type="MONITOR" value="LG localhost:7100$NeoLoad$lgobytesperinterface~localhost:7100~wlan2"/>
</objectids-table>
<!--****** DURATION ******-->
<duration value="0"/>
<!--****** AGGREGATION PERIOD ******-->
<aggregation-period value="1000"/>
<!--****** EXTENDED STATISTICS ******-->
<truncated-mean centered-interval="true" percentage="90"/>
<percentile percentage="50"/>
</project>
